,,,,,Games,,Passing,,,,,Rushing,,,,Receiving,,,,,Fumbles,,Scoring,,,Fantasy,,,,,,
Rk,Player,Tm,FantPos,Age,G,GS,Cmp,Att,Yds,TD,Int,Att,Yds,Y/A,TD,Tgt,Rec,Yds,Y/R,TD,Fmb,FL,TD,2PM,2PP,FantPt,PPR,DKPt,FDPt,VBD,PosRank,OvRank
1,Jonathan Taylor,IND,RB,22,12,12,0,0,0,0,0,209,1205,5.77,14,43,36,336,9.33,2,3,1,16,,,248,284.1,291.1,266.1,152,1,1
2,Cooper Kupp,LAR,WR,28,11,11,0,1,0,0,0,1,-5,-5,0,126,92,1237,13.45,10,0,0,10,1,,185,277.2,280.2,231.2,97,1,2
3,Austin Ekeler,LAC,RB,26,11,11,0,0,0,0,0,135,604,4.47,7,66,51,473,9.27,7,2,1,14,1,,192,242.7,249.7,217.2,96,2,3
4,Joe Mixon,CIN,RB,25,11,11,0,0,0,0,0,208,924,4.44,11,30,26,192,7.38,2,1,0,13,,,190,215.6,221.6,202.6,94,3,4
5,Deebo Samuel,SFO,WR,25,11,11,0,0,0,0,0,25,203,8.12,5,92,56,1006,17.96,5,2,2,10,,,177,232.9,240.9,204.9,89,2,5
6,Derrick Henry,TEN,RB,27,8,8,1,1,5,1,0,219,937,4.28,10,20,18,154,8.56,0,1,0,10,1,,175,193.3,199.3,184.3,80,4,6
7,Josh Allen,BUF,QB,25,11,11,274,410,3071,25,10,69,383,5.55,3,0,0,0,,0,6,2,3,2,,259,259.1,277.1,269.1,69,1,7
8,Jalen Hurts,PHI,QB,23,12,12,211,351,2435,13,8,122,695,5.7,8,1,0,0,,0,6,1,8,,3,255,254.9,269.9,262.9,65,2,8
9,Tyreek Hill,KAN,WR,27,11,11,0,0,0,0,0,8,94,11.75,0,122,84,932,11.1,8,2,1,8,,,149,232.6,236.6,190.6,60,3,9
10,Justin Herbert,LAC,QB,23,11,11,289,438,3230,24,10,43,243,5.65,2,0,0,0,,0,1,1,2,,3,246,245.5,262.5,255.5,56,3,10
11,Tom Brady,TAM,QB,44,11,11,309,457,3403,30,9,18,53,2.94,1,0,0,0,,0,3,2,1,,,245,245.4,259.4,254.4,56,4,11
12,Ezekiel Elliott,DAL,RB,26,11,11,1,1,4,0,0,160,720,4.5,8,46,38,228,6,1,1,1,9,2,,151,189,196,170,55,5,12
13,James Conner,ARI,RB,26,11,2,0,0,0,0,0,146,555,3.8,12,20,18,173,9.61,1,2,0,13,,,151,168.8,174.8,159.8,55,6,13
14,Travis Kelce,KAN,TE,32,11,11,0,0,0,0,0,1,4,4,1,97,67,821,12.25,5,1,1,6,,,117,183.5,187.5,150,53,1,14
15,Najee Harris,PIT,RB,23,11,11,0,0,0,0,0,196,708,3.61,5,67,52,351,6.75,2,0,0,7,,,148,199.9,205.9,173.9,52,7,15
16,Justin Jefferson,MIN,WR,22,11,11,2,3,35,0,0,3,10,3.33,0,98,67,1027,15.33,6,1,1,6,,,139,206.1,210.1,172.6,51,4,16
17,Davante Adams,GNB,WR,29,11,11,0,0,0,0,0,0,0,,0,115,80,1083,13.54,5,0,0,5,,,138,218.3,221.3,178.3,50,5,17
18,Ja'Marr Chase,CIN,WR,21,11,11,0,0,0,0,0,6,15,2.5,0,82,50,906,18.12,8,2,1,8,,,138,188.1,192.1,163.1,50,6,18
19,Leonard Fournette,TAM,RB,26,11,10,0,1,0,0,0,139,621,4.47,7,62,51,354,6.94,1,1,0,8,,,146,196.5,202.5,171,50,8,19
20,Cordarrelle Patterson,ATL,RB,30,10,7,0,1,0,0,0,93,411,4.42,4,52,41,500,12.2,5,2,0,9,,,145,186.1,192.1,165.6,49,9,20
21,Mark Andrews,BAL,TE,26,11,5,0,0,0,0,0,0,0,,0,89,60,761,12.68,5,1,0,5,2,,110,170.1,173.1,140.1,47,2,21
22,Mike Evans,TAM,WR,28,11,11,0,0,0,0,0,1,10,10,0,82,50,695,13.9,10,0,0,10,,,131,180.5,183.5,155.5,42,7,22
23,Nick Chubb,CLE,RB,26,9,9,0,0,0,0,0,150,867,5.78,6,14,12,106,8.83,1,2,1,7,,,137,149.3,156.3,143.3,42,10,23
24,Adam Thielen,MIN,WR,31,11,11,0,0,0,0,0,1,2,2,0,90,63,686,10.89,10,1,0,10,,,129,191.8,194.8,160.3,41,8,24
25,Patrick Mahomes,KAN,QB,26,11,11,294,449,3200,25,11,44,238,5.41,1,0,0,0,,0,6,3,1,,,230,229.8,249.8,240.8,40,5,25
26,Matthew Stafford,LAR,QB,33,11,11,266,400,3316,27,9,24,37,1.54,0,0,0,0,,0,2,1,0,,2,228,228.3,241.3,237.3,38,6,26
27,Stefon Diggs,BUF,WR,28,11,11,0,0,0,0,0,0,0,,0,101,67,847,12.64,7,1,0,7,,,127,193.7,196.7,160.2,38,9,27
28,D'Andre Swift,DET,RB,22,11,3,0,1,0,0,0,140,555,3.96,4,70,56,429,7.66,2,2,1,6,,,132,188.4,195.4,160.4,37,11,28
29,Aaron Rodgers,GNB,QB,38,11,11,247,373,2878,23,4,24,76,3.17,3,1,1,-4,-4,0,2,0,3,,,224,225.3,232.3,228.8,34,7,29
30,Darrell Henderson,LAR,RB,24,10,10,0,0,0,0,0,142,648,4.56,5,38,27,172,6.37,3,0,0,8,,,130,157,163,143.5,34,12,30
31,Lamar Jackson,BAL,QB,24,10,10,219,341,2612,15,12,123,707,5.75,2,0,0,0,,0,5,3,2,,2,221,221.2,242.2,233.2,31,8,31
32,Aaron Jones,GNB,RB,27,11,11,0,0,0,0,0,133,564,4.24,3,48,37,298,8.05,4,2,1,7,,,126,163.2,170.2,144.7,30,13,32
33,Alvin Kamara,NOR,RB,26,8,7,0,0,0,0,0,146,530,3.63,3,44,32,310,9.69,4,0,0,7,,,126,158,164,142,30,14,33
34,Mike Williams,LAC,WR,27,11,9,0,0,0,0,0,0,0,,0,86,50,744,14.88,7,0,0,7,1,,118,168.4,171.4,143.4,30,10,34
35,James Robinson,JAX,RB,23,10,9,0,0,0,0,0,129,654,5.07,7,36,27,198,7.33,0,3,1,7,,,125,152.2,159.2,138.7,29,15,35
36,Kirk Cousins,MIN,QB,33,11,11,275,406,3013,23,3,18,69,3.83,1,0,0,0,,0,6,1,1,,,217,217.4,224.4,220.4,28,9,36
37,Chris Godwin,TAM,WR,25,11,11,0,0,0,0,0,3,12,4,1,88,67,806,12.03,5,2,2,6,,,114,180.8,185.8,147.3,26,11,37
38,Marquise Brown,BAL,WR,24,10,10,0,0,0,0,0,1,5,5,0,92,60,770,12.83,6,2,0,6,,,114,173.5,176.5,143.5,25,12,38
39,CeeDee Lamb,DAL,WR,22,10,10,0,0,0,0,0,5,30,6,0,77,50,740,14.8,6,0,0,6,,,113,163,166,138,25,13,39
40,Dalvin Cook,MIN,RB,26,9,9,0,0,0,0,0,171,773,4.52,4,39,27,202,7.48,0,3,2,4,1,,120,146.5,154.5,133,24,16,40
41,D.K. Metcalf,SEA,WR,24,10,10,0,0,0,0,0,0,0,,0,72,46,637,13.85,8,1,0,8,,,112,157.7,160.7,134.7,23,14,41
42,Michael Pittman Jr.,IND,WR,24,12,12,0,0,0,0,0,2,8,4,0,91,61,805,13.2,5,1,0,5,,,111,172.3,175.3,141.8,23,15,42
43,D.J. Moore,CAR,WR,24,12,12,0,0,0,0,0,7,35,5,0,112,66,854,12.94,4,1,1,4,,,111,176.9,180.9,143.9,23,16,43
44,Dawson Knox,BUF,TE,25,9,8,0,0,0,0,0,0,0,,0,41,31,415,13.39,7,0,0,7,,1,86,116.5,119.5,101,22,3,44
45,Damien Harris,NWE,RB,24,11,11,0,0,0,0,0,154,643,4.18,8,15,13,84,6.46,0,2,2,8,,,117,129.7,134.7,123.2,21,17,45
46,Melvin Gordon,DEN,RB,28,11,11,0,0,0,0,0,135,605,4.48,5,30,22,166,7.55,2,2,2,7,,,115,137.1,145.1,126.1,19,18,46
47,Hunter Henry,NWE,TE,27,12,7,0,0,0,0,0,0,0,,0,50,35,394,11.26,7,0,0,7,,,81,116.4,119.4,98.9,18,4,47
48,Diontae Johnson,PIT,WR,25,10,9,0,0,0,0,0,3,36,12,0,109,68,809,11.9,4,1,1,4,,,107,174.5,178.5,140.5,18,17,48
49,Dalton Schultz,DAL,TE,25,11,11,0,0,0,0,0,0,0,,0,66,47,537,11.43,4,0,0,4,1,,80,126.7,129.7,103.2,17,5,49
50,Terry McLaurin,WAS,WR,26,10,10,0,0,0,0,0,1,12,12,0,91,54,735,13.61,5,0,0,5,,,105,158.7,161.7,131.7,16,18,50
51,Jaylen Waddle,MIA,WR,23,12,12,0,0,0,0,0,2,3,1.5,1,103,77,759,9.86,4,2,1,5,,,104,181.2,185.2,142.7,16,19,51
52,Kendrick Bourne,NWE,WR,26,12,3,1,1,25,1,0,6,78,13,0,53,42,623,14.83,5,1,1,5,,,103,145.1,149.1,124.1,15,20,52
53,Myles Gaskin,MIA,RB,24,12,9,0,0,0,0,0,139,482,3.47,3,54,43,212,4.93,4,2,1,7,,,109,152.4,159.4,130.9,14,19,53
54,Keenan Allen,LAC,WR,29,11,11,0,0,0,0,0,0,0,,0,116,81,895,11.05,2,1,0,2,,,102,182.5,185.5,142,13,21,54
55,Darren Waller,LVR,TE,29,10,10,0,0,0,0,0,0,0,,0,84,53,643,12.13,2,0,0,2,,,76,129.3,132.3,102.8,13,6,55
56,Zach Ertz,2TM,TE,31,11,8,0,0,0,0,0,1,4,4,0,60,40,458,11.45,5,0,0,5,,,76,116.2,119.2,96.2,13,7,56
57,Dak Prescott,DAL,QB,28,10,10,261,376,2932,22,7,27,94,3.48,1,0,0,0,,0,8,4,1,1,1,203,202.7,216.7,209.7,13,10,57
58,Carson Wentz,IND,QB,29,12,12,250,398,2790,21,5,38,159,4.18,1,0,0,0,,0,7,4,1,,1,202,201.5,216.5,206.5,12,11,58
59,Mike Gesicki,MIA,TE,26,12,6,0,0,0,0,0,0,0,,0,79,52,596,11.46,2,0,0,2,1,,74,125.6,128.6,99.6,11,8,59
60,T.J. Hockenson,DET,TE,24,11,11,0,0,0,0,0,0,0,,0,76,57,534,9.37,3,0,0,3,1,,73,130.4,133.4,101.9,10,9,60
61,Antonio Gibson,WAS,RB,23,10,9,0,0,0,0,0,154,601,3.9,5,23,19,158,8.32,1,5,3,6,,,106,124.9,133.9,115.4,10,20,61
62,Kyle Pitts,ATL,TE,21,11,10,0,0,0,0,0,0,0,,0,75,45,661,14.69,1,0,0,1,,,72,117.1,120.1,94.6,9,10,62
63,Elijah Mitchell,SFO,RB,23,8,7,0,0,0,0,0,143,693,4.85,4,15,14,108,7.71,0,0,0,4,,,104,118.1,124.1,111.1,8,21,63
64,Darnell Mooney,CHI,WR,24,11,10,0,0,0,0,0,3,27,9,1,83,46,694,15.09,3,0,0,4,,,96,142.1,145.1,119.1,8,22,64
65,AJ Dillon,GNB,RB,23,12,1,0,0,0,0,0,128,543,4.24,2,29,27,261,9.67,2,2,1,4,,,102,129.4,136.4,115.9,7,22,65
66,DeVonta Smith,PHI,WR,23,12,12,0,0,0,0,0,0,0,,0,78,48,686,14.29,4,1,1,4,1,,93,140.6,144.6,116.6,4,23,66
67,Robert Woods,LAR,WR,29,9,9,0,0,0,0,0,8,46,5.75,1,69,45,556,12.36,4,0,0,5,1,,92,137.2,140.2,114.7,4,24,67
68,Pat Freiermuth,PIT,TE,23,11,7,0,0,0,0,0,0,0,,0,53,40,327,8.18,6,1,1,6,,,67,106.7,110.7,86.7,4,11,68
69,DeAndre Hopkins,ARI,WR,29,8,8,0,0,0,0,0,0,0,,0,49,35,486,13.89,7,0,0,7,,,91,125.6,128.6,108.1,2,25,69
70,Hunter Renfrow,LVR,WR,26,11,5,0,0,0,0,0,2,7,3.5,0,82,64,658,10.28,4,2,0,4,,,91,154.5,157.5,122.5,2,26,70
71,Josh Jacobs,LVR,RB,23,9,8,0,0,0,0,0,111,420,3.78,6,36,30,198,6.6,0,0,0,6,,,98,127.8,133.8,112.8,2,23,71
72,Tyler Lockett,SEA,WR,29,10,10,0,0,0,0,0,0,0,,0,71,47,717,15.26,3,0,0,3,,,90,136.7,139.7,113.2,1,27,72
73,Christian Kirk,ARI,WR,25,11,8,1,1,33,0,0,1,11,11,0,61,49,628,12.82,4,0,0,4,,,89,138.2,141.2,113.7,1,28,73
74,Brandin Cooks,HOU,WR,28,11,11,0,0,0,0,0,1,5,5,0,92,62,704,11.35,3,0,0,3,,,89,150.9,153.9,119.9,1,29,74
75,Nick Ralston,DAL,,25,4,0,0,0,0,0,0,0,0,,0,0,0,0,,0,0,0,0,,,,,,,,1,75
76,Michael Carter,NYJ,RB,22,10,7,0,0,0,0,0,111,430,3.87,4,46,32,308,9.63,0,1,1,4,,,96,127.8,134.8,111.8,,24,76
77,Amari Cooper,DAL,WR,27,9,9,0,0,0,0,0,0,0,,0,65,44,583,13.25,5,1,0,5,,,88,132.3,135.3,110.3,,30,77
78,Derek Carr,LVR,QB,30,11,11,278,413,3414,17,9,27,73,2.7,0,0,0,0,,0,8,2,0,,,190,189.9,203.9,198.9,,12,78
79,Joe Burrow,CIN,QB,25,11,11,235,339,2835,22,12,25,63,2.52,1,0,0,0,,0,3,1,1,,1,190,189.7,205.7,201.7,,13,
80,Ryan Tannehill,TEN,QB,33,12,12,256,389,2774,14,13,37,196,5.3,5,0,0,0,,0,7,3,5,,1,187,186.6,208.6,199.6,,14,
81,Kyler Murray,ARI,QB,24,8,8,186,256,2276,17,7,49,147,3,3,0,0,0,,0,7,0,3,,,178,177.7,190.7,184.7,,15,
82,Teddy Bridgewater,DEN,QB,29,11,11,233,339,2518,15,5,23,79,3.43,2,0,0,0,,0,1,1,2,,1,171,170.6,179.6,175.6,,16,
83,Taylor Heinicke,WAS,QB,28,10,9,217,328,2390,15,9,45,276,6.13,1,1,1,-2,-2,0,5,1,1,,,169,170,186,178.5,,18,
84,Mac Jones,NWE,QB,23,12,12,268,381,2850,16,8,27,71,2.63,0,0,0,0,,0,4,2,0,,2,169,169.1,182.1,177.1,,17,
85,Daniel Jones,NYG,QB,24,11,11,232,361,2428,10,7,62,298,4.81,2,1,1,16,16,0,7,3,2,2,1,167,167.5,183.5,174,,19,
86,Matt Ryan,ATL,QB,36,11,11,256,379,2617,16,11,21,43,2.05,1,0,0,0,,0,5,2,1,1,,155,155,171,166,,20,
87,Jimmy Garoppolo,SFO,QB,30,10,10,187,280,2342,13,6,30,40,1.33,3,0,0,0,,0,5,3,3,,1,152,151.7,163.7,157.7,,21,
88,Baker Mayfield,CLE,QB,26,11,11,194,312,2413,11,6,27,93,3.44,1,0,0,11,,0,6,3,1,,2,143,142.9,154.9,148.9,,22,
89,Trevor Lawrence,JAX,QB,22,11,11,231,398,2369,9,10,45,231,5.13,2,0,0,0,,0,6,4,2,,2,142,141.9,161.9,151.9,,23,
90,Ben Roethlisberger,PIT,QB,39,10,10,248,384,2522,14,6,11,6,0.55,0,0,0,0,,0,8,4,0,,,137,137.5,150.5,143.5,,24,
91,Sam Darnold,CAR,QB,24,9,9,182,306,1986,7,11,37,185,5,5,0,0,0,,0,6,2,5,,1,132,131.9,150.9,142.9,,25,
92,Jared Goff,DET,QB,27,10,10,241,358,2280,10,6,13,76,5.85,0,0,0,0,,0,8,5,0,,4,125,124.8,138.8,130.8,,26,
93,Tua Tagovailoa,MIA,QB,23,8,7,165,234,1701,10,6,25,68,2.72,3,0,0,0,,0,4,0,3,,1,123,122.8,131.8,128.8,,27,
94,Jameis Winston,NOR,QB,27,7,7,95,161,1170,14,3,32,166,5.19,1,0,0,0,,0,2,1,1,,,117,117.4,127.4,120.4,,28,
95,Russell Wilson,SEA,QB,33,7,7,124,191,1564,10,3,24,102,4.25,1,0,0,0,,0,3,0,1,,,113,112.8,121.8,115.8,,29,
96,Darrel Williams,KAN,RB,26,11,5,0,0,0,0,0,100,358,3.58,4,40,32,282,8.81,1,0,0,5,,,94,126,132,110,,25,
97,Justin Fields,CHI,QB,22,10,8,115,198,1361,4,8,56,311,5.55,2,0,0,0,,0,9,3,2,,,92,91.5,108.5,99.5,,30,
98,Javonte Williams,DEN,RB,21,11,0,0,0,0,0,0,117,568,4.85,2,33,27,193,7.15,1,1,1,3,,,92,119.1,126.1,105.6,,26,
99,Christian McCaffrey,CAR,RB,25,7,7,0,0,0,0,0,99,442,4.46,1,41,37,343,9.27,1,1,0,2,,,91,127.5,133.5,109,,28,
100,Tony Pollard,DAL,RB,24,11,0,0,0,0,0,0,100,531,5.31,1,31,29,256,8.83,0,1,0,2,,,91,119.7,125.7,105.2,,27,
101,Kareem Hunt,CLE,RB,26,7,1,0,0,0,0,0,76,381,5.01,5,25,20,161,8.05,0,0,0,5,1,,86,106.2,112.2,96.2,,29,
102,Emmanuel Sanders,BUF,WR,34,11,10,0,0,0,0,0,2,31,15.5,0,61,36,559,15.53,4,0,0,4,,,83,119,122,101,,31,
103,Van Jefferson,LAR,WR,25,11,11,0,0,0,0,0,0,0,,0,62,33,580,17.58,4,0,0,4,,,82,115,118,98.5,,32,
104,A.J. Brown,TEN,WR,24,10,10,0,1,0,0,0,2,10,5,0,78,46,615,13.37,3,0,0,3,,,81,126.5,129.5,103.5,,34,
105,Elijah Moore,NYJ,WR,21,10,5,0,0,0,0,0,4,45,11.25,1,65,37,461,12.46,4,0,0,5,,,81,117.6,120.6,99.1,,33,
106,Tyrod Taylor,HOU,QB,32,5,5,86,137,921,5,4,16,136,8.5,3,0,0,0,,0,3,0,3,,,80,80.4,90.4,84.4,,31,
107,Tim Patrick,DEN,WR,28,11,11,0,0,0,0,0,0,0,,0,56,39,549,14.08,4,0,0,4,,,79,117.9,120.9,98.4,,35,
108,Trevor Siemian,NOR,QB,30,5,4,99,173,1083,9,3,7,21,3,1,0,0,0,,0,2,1,1,,,79,79.4,86.4,82.4,,32,
109,Courtland Sutton,DEN,WR,26,11,11,0,0,0,0,0,0,0,,0,70,45,634,14.09,2,0,0,2,1,,77,122.4,125.4,99.9,,36,
110,Marquez Callaway,NOR,WR,23,11,8,0,0,0,0,0,0,0,,0,51,27,396,14.67,6,0,0,6,,,76,102.6,105.6,89.1,,37,
111,Mark Ingram,2TM,RB,32,11,10,0,0,0,0,0,137,499,3.64,2,31,24,156,6.5,0,1,1,2,,,76,99.5,106.5,87.5,,31,
112,David Montgomery,CHI,RB,24,7,7,0,0,0,0,0,113,476,4.21,3,15,12,103,8.58,0,0,0,3,,,76,87.9,93.9,81.9,,30,
113,Tee Higgins,CIN,WR,22,9,9,0,0,0,0,0,0,0,,0,68,43,560,13.02,3,1,1,3,1,,74,117,121,95.5,,38,
114,Chuba Hubbard,CAR,RB,22,12,5,0,0,0,0,0,122,427,3.5,3,29,19,152,8,0,1,1,3,,,74,92.9,99.9,83.4,,32,
115,Jakobi Meyers,NWE,WR,25,12,11,2,2,45,0,0,0,0,,0,90,59,620,10.51,1,0,0,1,2,,74,132.8,135.8,103.3,,39,
116,Jacoby Brissett,MIA,QB,29,8,5,141,225,1283,5,4,18,68,3.78,1,0,0,0,,0,6,3,1,,1,72,72.1,82.1,76.1,,33,
117,Chase Claypool,PIT,WR,23,9,8,0,0,0,0,0,8,52,6.5,0,69,37,608,16.43,1,0,0,1,,,72,109,112,90.5,,40,
118,Kenyan Drake,LVR,RB,27,11,2,0,0,0,0,0,62,254,4.1,2,38,29,283,9.76,1,1,0,3,,,72,100.7,106.7,86.2,,33,
119,A.J. Green,ARI,WR,33,10,6,0,0,0,0,0,0,0,,0,55,34,538,15.82,3,0,0,3,,,72,105.8,108.8,88.8,,41,
120,Marvin Jones,JAX,WR,31,11,10,0,0,0,0,0,0,0,,0,79,46,529,11.5,3,0,0,3,,,71,116.9,119.9,93.9,,42,
121,Zack Moss,BUF,RB,24,9,0,0,0,0,0,0,75,265,3.53,4,26,18,166,9.22,1,2,1,5,,,71,89.1,96.1,80.1,,34,
122,Devontae Booker,NYG,RB,29,10,4,0,0,0,0,0,91,340,3.74,2,25,22,183,8.32,1,0,0,3,,,70,92.3,98.3,81.3,,35,
123,Corey Davis,NYJ,WR,26,8,8,0,0,0,0,0,0,0,,0,56,32,477,14.91,4,2,1,4,,,70,101.7,105.7,85.7,,43,
124,Devin Singletary,BUF,RB,24,11,10,0,0,0,0,0,98,459,4.68,2,33,26,118,4.54,0,5,0,2,,,70,95.7,101.7,82.7,,36,
125,Devonta Freeman,BAL,RB,29,10,4,0,0,0,0,0,75,324,4.32,3,23,18,125,6.94,1,0,0,4,,,69,86.9,92.9,77.9,,37,
126,Chase Edmonds,ARI,RB,25,9,9,0,0,0,0,0,76,430,5.66,1,37,30,211,7.03,0,1,1,1,,,68,98.1,105.1,83.1,,38,
127,J.D. McKissic,WAS,RB,28,10,2,0,0,0,0,0,41,182,4.44,1,48,38,371,9.76,1,0,0,2,,,67,105.3,111.3,86.3,,39,
128,Davis Mills,HOU,QB,23,7,6,140,209,1357,7,8,7,8,1.14,0,0,0,0,,0,4,1,0,1,,67,67.1,79.1,75.1,,34,
129,Antonio Brown,TAM,WR,33,5,2,0,0,0,0,0,1,6,6,0,42,29,418,14.41,4,0,0,4,,,66,95.4,98.4,80.9,,44,
130,Randall Cobb,GNB,WR,31,12,3,0,0,0,0,0,1,1,1,0,39,28,375,13.39,5,1,1,5,,,66,93.6,97.6,79.6,,45,
131,Brandon Aiyuk,SFO,WR,23,11,10,0,0,0,0,0,4,13,3.25,0,48,32,432,13.5,3,1,1,3,1,,63,94.5,98.5,78.5,,47,
132,Dallas Goedert,PHI,TE,26,11,10,0,0,0,0,0,0,0,,0,50,35,491,14.03,2,1,0,2,1,,63,98.1,101.1,80.6,,13,
133,Rhamondre Stevenson,NWE,RB,23,8,1,0,0,0,0,0,76,351,4.62,3,15,12,117,9.75,0,1,1,3,,,63,74.8,81.8,68.8,,40,
134,C.J. Uzomah,CIN,TE,28,11,11,0,0,0,0,0,0,0,,0,34,30,331,11.03,5,0,0,5,,,63,93.1,96.1,78.1,,12,
135,Jamaal Williams,DET,RB,26,9,8,0,0,0,0,0,93,388,4.17,2,23,21,117,5.57,0,0,0,2,,,63,83.5,89.5,73,,41,
136,Cedrick Wilson Jr.,DAL,WR,26,11,4,2,2,57,0,0,2,11,5.5,0,44,30,420,14,3,2,0,3,,,63,93.4,96.4,78.4,,46,
137,Tyler Boyd,CIN,WR,27,11,6,1,1,46,0,0,1,14,14,0,65,46,471,10.24,2,0,0,2,,,62,108.3,111.3,85.3,,48,
138,Rob Gronkowski,TAM,TE,32,6,6,0,0,0,0,0,0,0,,0,40,29,378,13.03,4,0,0,4,,,62,90.8,93.8,76.3,,14,
139,Ty Johnson,NYJ,RB,24,11,2,0,0,0,0,0,48,186,3.88,1,39,25,271,10.84,2,2,1,3,,,62,86.7,93.7,74.2,,42,
140,Saquon Barkley,NYG,RB,24,7,7,0,0,0,0,0,73,260,3.56,2,31,24,174,7.25,1,1,0,3,,,61,85.4,91.4,73.4,,43,
141,Henry Ruggs III,LVR,WR,22,7,7,0,0,0,0,0,3,16,5.33,0,36,24,469,19.54,2,0,0,2,,,61,84.5,87.5,72.5,,49,
142,Zach Wilson,NYJ,QB,22,7,7,118,205,1313,4,10,10,25,2.5,1,0,0,0,,0,3,0,1,1,1,61,61,74,71,,35,
143,Nelson Agholor,NWE,WR,28,12,10,0,0,0,0,0,2,5,2.5,0,54,32,416,13,3,0,0,3,,,60,92.1,95.1,76.1,,50,
144,Kenneth Gainwell,PHI,RB,22,11,0,0,0,0,0,0,43,155,3.6,3,36,23,205,8.91,1,1,1,4,1,,60,83,90,71.5,,44,
145,Cole Beasley,BUF,WR,32,11,5,0,1,0,0,0,0,0,,0,79,62,530,8.55,1,0,0,1,,,59,121,124,90,,51,
146,Tyler Conklin,MIN,TE,26,11,9,0,0,0,0,0,0,0,,0,55,40,413,10.33,3,1,0,3,,,59,99.3,102.3,79.3,,16,
147,George Kittle,SFO,TE,28,8,8,0,0,0,0,0,1,9,9,0,49,35,425,12.14,3,2,1,3,,,59,94.4,98.4,76.9,,15,
148,David Njoku,CLE,TE,25,12,9,0,0,0,0,0,1,1,1,0,40,27,407,15.07,3,0,0,3,,,59,85.8,88.8,72.3,,17,
149,Clyde Edwards-Helaire,KAN,RB,22,6,6,0,0,0,0,0,77,367,4.77,1,12,10,74,7.4,2,2,2,3,,,58,68.1,73.1,63.1,,45,
150,Miles Sanders,PHI,RB,24,9,9,0,0,0,0,0,88,458,5.2,0,26,20,118,5.9,0,1,1,0,1,,58,77.6,84.6,67.6,,46,
151,Alex Collins,SEA,RB,27,9,5,0,0,0,0,0,94,381,4.05,2,8,7,73,10.43,0,0,0,2,,,57,64.4,67.4,60.9,,47,
152,Jared Cook,LAC,TE,34,11,7,0,0,0,0,0,0,0,,0,55,33,371,11.24,3,0,0,3,1,,57,90.1,93.1,73.6,,19,
153,Mike Davis,ATL,RB,28,11,7,0,0,0,0,0,96,306,3.19,1,41,30,160,5.33,1,2,1,2,,,57,86.6,93.6,71.6,,48,
154,Bryan Edwards,LVR,WR,23,11,9,0,0,0,0,0,1,0,0,0,40,22,446,20.27,2,0,0,2,,,57,78.6,81.6,67.6,,52,
155,Noah Fant,DEN,TE,24,10,10,0,0,0,0,0,0,0,,0,63,45,391,8.69,3,0,0,3,,,57,102.1,105.1,79.6,,18,
156,Deonte Harris,NOR,WR,24,10,1,0,0,0,0,0,3,29,9.67,0,45,27,427,15.81,2,2,1,2,,,56,82.6,86.6,69.1,,53,
157,Alexander Mattison,MIN,RB,23,11,2,0,0,0,0,0,88,315,3.58,1,25,21,149,7.1,1,1,1,2,,,56,77.4,84.4,66.9,,49,
158,Nyheim Hines,IND,RB,25,12,2,0,0,0,0,0,48,237,4.94,2,43,29,230,7.93,0,2,2,2,,,55,83.7,91.7,69.2,,51,
159,Boston Scott,PHI,RB,26,12,3,0,0,0,0,0,61,285,4.67,4,12,9,44,4.89,0,1,1,4,,,55,63.9,67.9,59.4,,50,
160,Geno Smith,SEA,QB,31,4,3,65,95,702,5,1,9,42,4.67,1,0,0,0,,0,1,1,1,,,54,54.3,59.3,55.3,,36,
161,Tyler Higbee,LAR,TE,28,11,11,0,0,0,0,0,0,0,,0,56,39,347,8.9,3,1,0,3,,,53,91.7,94.7,72.2,,20,
162,D'Ernest Johnson,CLE,RB,25,12,2,0,0,0,0,0,61,320,5.25,2,14,11,94,8.55,0,1,0,2,,,53,64.4,67.4,58.9,,52,
163,Jamal Agnew,JAX,WR,26,10,2,0,0,0,0,0,7,111,15.86,1,39,24,229,9.54,1,1,0,3,,,52,76,82,64,,54,
164,Rondale Moore,ARI,WR,21,11,5,0,0,0,0,0,12,62,5.17,0,55,47,413,8.79,1,3,1,1,,,52,98.5,102.5,75,,55,
165,Latavius Murray,BAL,RB,31,8,4,0,0,0,0,0,77,258,3.35,4,7,6,26,4.33,0,0,0,4,,,52,58.4,61.4,55.4,,53,
166,Zach Pascal,IND,WR,27,12,12,0,0,0,0,0,1,9,9,0,60,34,340,10,3,1,1,3,,,51,84.9,88.9,67.9,,56,
167,Kalif Raymond,DET,WR,27,11,11,0,0,0,0,0,2,10,5,0,51,33,379,11.48,2,0,0,2,,,51,83.9,86.9,67.4,,57,
168,Brandon Bolden,NWE,RB,31,12,1,0,0,0,0,0,26,141,5.42,0,33,31,296,9.55,1,1,0,1,,,50,80.7,86.7,65.2,,54,
169,DeAndre Carter,WAS,WR,28,10,3,0,0,0,0,0,5,41,8.2,0,26,14,219,15.64,3,2,0,4,,,50,64,67,57,,59,
170,K.J. Osborn,MIN,WR,24,11,5,0,0,0,0,0,1,10,10,0,47,31,365,11.77,2,0,0,2,,,50,80.5,83.5,65,,61,
171,Donovan Peoples-Jones,CLE,WR,22,9,4,0,0,0,0,0,0,0,,0,28,18,340,18.89,3,1,1,3,,,50,68,72,59,,58,
172,Byron Pringle,KAN,WR,28,11,2,0,0,0,0,0,0,0,,0,32,23,338,14.7,3,2,1,3,,,50,72.8,76.8,61.3,,60,
173,Jack Doyle,IND,TE,31,12,9,0,0,0,0,0,0,0,,0,39,26,278,10.69,3,0,0,3,1,,48,73.8,76.8,60.8,,21,
174,Mecole Hardman,KAN,WR,23,11,7,0,0,0,0,0,5,36,7.2,0,59,42,424,10.1,1,3,2,1,,,48,90,95,69,,62,
175,Khalil Herbert,CHI,RB,23,11,2,0,0,0,0,0,90,373,4.14,1,10,9,44,4.89,0,0,0,1,,,48,56.7,59.7,52.2,,55,
176,Robby Anderson,CAR,WR,28,12,11,0,0,0,0,0,1,3,3,0,69,29,288,9.93,3,0,0,3,,,47,76.1,79.1,61.6,,63,
177,DeSean Jackson,2TM,WR,35,10,1,0,0,0,0,0,1,4,4,0,20,12,361,30.08,2,1,1,2,,,47,58.5,62.5,52.5,,65,
178,Jarvis Landry,CLE,WR,29,8,8,0,0,0,0,0,5,34,6.8,2,52,33,356,10.79,0,3,2,2,,,47,80,85,63.5,,64,
179,Sony Michel,LAR,RB,26,11,1,0,0,0,0,0,79,305,3.86,1,13,11,62,5.64,1,2,1,2,,,47,57.7,61.7,52.2,,56,
180,Mo Alie-Cox,IND,TE,28,12,5,0,0,0,0,0,0,0,,0,31,16,219,13.69,4,0,0,4,,,46,61.9,64.9,53.9,,22,
181,Andy Dalton,CHI,QB,34,5,3,72,112,788,4,2,10,49,4.9,0,0,0,0,,0,1,1,0,,,46,46.4,52.4,48.4,,37,
182,Trey Lance,SFO,QB,21,5,1,25,48,354,3,1,30,137,4.57,1,0,0,0,,0,0,0,1,1,,46,45.9,52.9,46.9,,38,
183,Nick Westbrook-Ikhine,TEN,WR,24,11,4,0,0,0,0,0,0,0,,0,36,25,297,11.88,3,1,1,3,,,46,70.7,74.7,58.2,,66,
184,Jamison Crowder,NYJ,WR,28,8,2,0,0,0,0,0,0,0,,0,50,38,310,8.16,2,1,1,2,1,1,45,83,87,64,,69,
185,Jordan Howard,PHI,RB,27,4,0,0,0,0,0,0,51,274,5.37,3,0,0,0,,0,0,0,3,,,45,45.4,48.4,45.4,,57,
186,Laviska Shenault Jr.,JAX,WR,23,11,8,0,0,0,0,0,7,30,4.29,0,71,45,441,9.8,0,1,1,0,,,45,90.1,94.1,67.6,,68,
187,Quez Watkins,PHI,WR,23,12,10,0,0,0,0,0,1,3,3,0,43,28,431,15.39,0,0,0,0,1,,45,73.4,76.4,59.4,,67,
188,Ronald Jones II,TAM,RB,24,11,1,0,0,0,0,0,59,264,4.47,3,6,4,39,9.75,0,2,2,3,,,44,48.3,53.3,46.3,,58,
189,Cam Newton,CAR,QB,32,3,2,29,52,289,3,2,16,65,4.06,3,0,0,0,,0,0,0,3,,,44,44.1,46.1,46.1,,39,
190,Mike White,NYJ,QB,26,4,3,88,132,953,5,8,5,-1,-0.2,0,0,0,0,,0,0,0,0,1,,44,44,55,52,,40,
191,Gabriel Davis,BUF,WR,22,11,1,0,0,0,0,0,0,0,,0,27,17,312,18.35,2,0,0,2,,,43,60.2,63.2,51.7,,70,
192,Devin Duvernay,BAL,WR,24,11,6,0,0,0,0,0,4,41,10.25,0,33,24,205,8.54,2,1,0,3,,,43,66.6,69.6,54.6,,72,
193,David Johnson,HOU,RB,30,11,3,0,0,0,0,0,56,176,3.14,0,37,28,214,7.64,1,1,1,1,,,43,71,78,57,,59,
194,Samaje Perine,CIN,RB,26,10,0,0,0,0,0,0,41,165,4.02,1,19,16,140,8.75,1,0,0,2,,,43,58.5,64.5,50.5,,60,
195,Marquez Valdes-Scantling,GNB,WR,27,7,5,0,0,0,0,0,0,0,,0,39,17,309,18.18,2,0,0,2,,,43,59.9,62.9,51.4,,71,
196,Chris Carson,SEA,RB,27,4,4,0,0,0,0,0,54,232,4.3,3,6,6,29,4.83,0,1,1,3,,,42,48.1,52.1,45.1,,61,
197,Dan Arnold,2TM,TE,26,11,4,0,0,0,0,0,0,0,,0,52,35,408,11.66,0,1,1,0,1,,41,75.8,79.8,58.3,,23,
198,Odell Beckham Jr.,2TM,WR,29,8,8,0,0,0,0,0,2,14,7,0,47,24,331,13.79,1,0,0,1,,,41,64.5,67.5,52.5,,74,
199,Kadarius Toney,NYG,WR,22,9,4,1,3,19,0,0,3,6,2,0,48,35,392,11.2,0,0,0,0,,,41,75.6,78.6,58.1,,73,
200,Austin Hooper,CLE,TE,27,12,12,0,0,0,0,0,0,0,,0,45,28,261,9.32,2,0,0,2,1,,40,68.1,71.1,54.1,,24,
201,Allen Lazard,GNB,WR,26,10,8,0,0,0,0,0,0,0,,0,32,19,223,11.74,3,0,0,3,,,40,59.3,62.3,49.8,,75,
202,Calvin Ridley,ATL,WR,27,5,5,0,0,0,0,0,0,0,,0,52,31,281,9.06,2,0,0,2,,,40,71.1,74.1,55.6,,77,
203,Allen Robinson,CHI,WR,28,9,9,0,0,0,0,0,0,0,,0,50,30,339,11.3,1,0,0,1,,,40,69.9,72.9,54.9,,78,
204,Olamide Zaccheaus,ATL,WR,24,11,4,0,0,0,0,0,0,0,,0,36,19,222,11.68,3,0,0,3,,,40,59.2,62.2,49.7,,76,
205,Russell Gage,ATL,WR,25,8,4,0,0,0,0,0,0,0,,0,41,27,270,10,2,0,0,2,,,39,66,69,52.5,,79,
206,Colt McCoy,ARI,QB,35,6,3,68,90,684,3,1,21,34,1.62,0,0,0,0,,0,4,1,0,,,39,38.8,43.8,39.8,,41,
207,DeVante Parker,MIA,WR,28,5,5,0,0,0,0,0,0,0,,0,43,25,327,13.08,1,0,0,1,,,39,63.7,66.7,51.2,,80,
208,Sterling Shepard,NYG,WR,28,5,5,0,0,0,0,0,1,-9,-9,0,43,32,324,10.13,1,0,0,1,,,38,69.5,72.5,53.5,,81,
209,Evan Engram,NYG,TE,27,9,8,0,0,0,0,0,1,-3,-3,0,47,31,273,8.81,2,1,1,2,,,37,68,72,52.5,,26,
210,Kenny Golladay,NYG,WR,28,8,8,0,0,0,0,0,0,0,,0,41,23,372,16.17,0,0,0,0,,,37,60.2,63.2,48.7,,82,
211,Donald Parham,LAC,TE,24,11,9,0,0,0,0,0,0,0,,0,20,16,174,10.88,3,0,0,3,1,,37,53.4,56.4,45.4,,25,
212,Amon-Ra St. Brown,DET,WR,22,11,4,0,0,0,0,0,0,0,,0,52,39,352,9.03,0,0,0,0,1,,37,76.2,79.2,56.7,,83,
213,Mack Hollins,MIA,WR,28,12,3,0,0,0,0,0,0,0,,0,22,12,178,14.83,3,0,0,3,,,36,47.8,50.8,41.8,,84,
214,Cole Kmet,CHI,TE,22,11,11,0,0,0,0,0,1,0,0,0,57,37,361,9.76,0,0,0,0,,,36,73.1,76.1,54.6,,27,
215,Tre'Quan Smith,NOR,WR,25,6,2,0,0,0,0,0,0,0,,0,30,20,236,11.8,2,0,0,2,,,36,55.6,58.6,45.6,,85,
216,Giovani Bernard,TAM,RB,30,10,0,0,0,0,0,0,7,55,7.86,0,27,22,116,5.27,3,1,0,3,,,35,57.1,60.1,46.1,,62,
217,Jalen Reagor,PHI,WR,22,12,10,0,0,0,0,0,5,25,5,0,45,25,201,8.04,2,1,0,2,,,35,59.6,62.6,47.1,,86,
218,Ricky Seals-Jones,WAS,TE,26,9,5,0,0,0,0,0,0,0,,0,35,23,230,10,2,0,0,2,,,35,58,61,46.5,,28,
219,Jonnu Smith,NWE,TE,26,11,9,0,0,0,0,0,5,29,5.8,0,40,25,259,10.36,1,1,0,1,,,35,59.8,62.8,47.3,,29,
220,Matt Breida,BUF,RB,26,5,0,0,0,0,0,0,21,109,5.19,1,7,6,67,11.17,2,1,1,3,,,34,39.6,43.6,36.6,,64,
221,Quintez Cephus,DET,WR,23,5,3,0,0,0,0,0,0,0,,0,22,15,204,13.6,2,0,0,2,1,,34,49.4,52.4,41.9,,87,
222,Marquise Goodwin,CHI,WR,31,11,2,0,0,0,0,0,2,-1,-0.5,0,33,16,277,17.31,1,0,0,1,,,34,49.6,52.6,41.6,,89,
223,Taysom Hill,NOR,QB,31,7,4,7,8,56,0,1,20,104,5.2,3,6,4,52,13,0,0,0,3,,,34,37.8,41.8,36.8,,42,
224,Julio Jones,TEN,WR,32,6,6,0,0,0,0,0,0,0,,0,31,21,336,16,0,0,0,0,,,34,54.6,57.6,44.1,,88,
225,Jeremy McNichols,TEN,RB,26,10,0,0,0,0,0,0,18,69,3.83,0,33,25,215,8.6,1,0,0,1,,,34,59.4,62.4,46.9,,63,
226,MyCole Pruitt,TEN,TE,29,12,6,0,0,0,0,0,0,0,,0,14,12,139,11.58,3,0,0,3,1,,34,45.9,48.9,39.9,,30,
227,Sammy Watkins,BAL,WR,28,8,7,0,0,0,0,0,0,0,,0,40,23,355,15.43,0,1,1,0,,,34,56.5,60.5,45,,90,
228,Phillip Lindsay,2TM,RB,27,11,1,0,0,0,0,0,62,172,2.77,1,4,3,37,12.33,1,0,0,2,,,33,35.9,38.9,34.4,,65,
229,Ty'Son Williams,BAL,RB,25,9,3,0,0,0,0,0,34,181,5.32,1,12,9,84,9.33,0,1,0,1,,,33,41.5,44.5,37,,66,
230,Braxton Berrios,NYJ,WR,26,11,0,0,0,0,0,0,2,15,7.5,0,35,25,240,9.6,1,0,0,1,,,32,56.5,59.5,44,,92,
231,Foster Moreau,LVR,TE,24,11,5,0,0,0,0,0,0,0,,0,19,12,135,11.25,3,0,0,3,,,32,43.5,46.5,37.5,,32,
232,Freddie Swain,SEA,WR,23,10,3,0,0,0,0,0,4,29,7.25,0,28,16,169,10.56,2,1,0,2,,,32,47.8,50.8,39.8,,91,
233,Robert Tonyan,GNB,TE,27,8,5,0,0,0,0,0,0,0,,0,29,18,204,11.33,2,0,0,2,,,32,50.4,53.4,41.4,,31,
234,Damien Williams,CHI,RB,29,7,2,0,0,0,0,0,37,139,3.76,2,14,11,64,5.82,0,0,0,2,,,32,43.3,46.3,37.8,,67,
235,Rashod Bateman,BAL,WR,22,6,2,0,0,0,0,0,0,0,,0,38,25,301,12.04,0,0,0,0,,,30,55.1,58.1,42.6,,93,
236,Keelan Cole,NYJ,WR,28,10,7,0,0,0,0,0,0,0,,0,33,19,299,15.74,0,0,0,0,,,30,48.9,51.9,39.4,,95,
237,Gerald Everett,SEA,TE,27,8,8,0,0,0,0,0,2,7,3.5,0,29,25,235,9.4,1,0,0,1,,,30,55.2,58.2,42.7,,33,
238,Zay Jones,LVR,WR,26,11,3,0,0,0,0,0,1,4,4,0,23,14,236,16.86,1,0,0,1,,,30,44,47,37,,94,
239,Demarcus Robinson,KAN,WR,27,11,7,0,0,0,0,0,0,0,,0,26,16,176,11,2,0,0,2,,,30,45.6,48.6,37.6,,96,
240,Juwan Johnson,NOR,TE,25,9,1,0,0,0,0,0,0,0,,0,16,9,108,12,3,0,0,3,,,29,37.8,40.8,33.3,,34,
241,Kyle Juszczyk,SFO,RB,30,11,10,0,0,0,0,0,7,16,2.29,0,25,21,210,10,1,0,0,1,,,29,49.6,52.6,39.1,,68,
242,Chester Rogers,TEN,WR,27,11,1,0,0,0,0,0,1,9,9,0,33,20,238,11.9,1,1,1,1,,,29,48.7,52.7,38.7,,99,
243,John Ross,NYG,WR,26,8,1,0,0,0,0,0,1,16,16,0,18,10,217,21.7,1,1,0,1,,,29,39.3,42.3,34.3,,98,
244,Darius Slayton,NYG,WR,24,8,3,0,0,0,0,0,1,-13,-13,0,37,19,267,14.05,1,1,1,1,,,29,48.4,52.4,38.9,,97,
245,Adam Trautman,NOR,TE,24,10,8,0,0,0,0,0,0,0,,0,40,25,241,9.64,1,1,1,1,,,28,53.1,57.1,40.6,,35,
246,DJ Chark,JAX,WR,25,4,4,0,0,0,0,0,0,0,,0,22,7,154,22,2,0,0,2,,,27,34.4,37.4,30.9,,100,
247,Chris Conley,HOU,WR,29,11,8,0,0,0,0,0,0,0,,0,22,14,233,16.64,1,1,1,1,,,27,41.3,45.3,34.3,,101,
248,Carlos Hyde,JAX,RB,31,10,2,0,0,0,0,0,62,227,3.66,0,18,10,60,6,0,1,1,0,,,27,36.7,40.7,31.7,,69,
249,Josh Johnson,NYJ,QB,35,3,0,29,45,334,3,1,4,18,4.5,0,0,0,0,,0,0,0,0,1,,27,27.2,31.2,28.2,,43,
250,Tommy Tremble,CAR,TE,21,12,9,0,0,0,0,0,2,7,3.5,1,22,13,120,9.23,1,0,0,2,1,,27,39.7,42.7,33.2,,36,
251,Ashton Dulin,IND,WR,24,12,1,0,0,0,0,0,1,-7,-7,0,18,11,148,13.45,1,0,0,2,,,26,37.1,40.1,31.6,,102,
252,Dontrell Hilliard,TEN,RB,26,3,1,0,0,0,0,0,19,166,8.74,1,12,9,49,5.44,0,2,1,1,,,26,34.5,38.5,30,,70,
253,Adam Humphries,WAS,WR,28,10,7,0,0,0,0,0,0,0,,0,32,23,255,11.09,0,0,0,0,,,26,48.5,51.5,37,,105,
254,Jerry Jeudy,DEN,WR,22,5,2,0,0,0,0,0,2,3,1.5,0,31,24,253,10.54,0,1,0,0,,,26,49.6,52.6,37.6,,104,
255,Durham Smythe,MIA,TE,26,12,7,0,0,0,0,0,2,3,1.5,0,31,25,253,10.12,0,0,0,0,,,26,50.6,53.6,38.1,,38,
256,Geoff Swaim,TEN,TE,28,11,11,0,0,0,0,0,0,0,,0,27,20,139,6.95,2,0,0,2,,,26,45.9,48.9,35.9,,37,
257,James Washington,PIT,WR,25,10,2,0,0,0,0,0,2,13,6.5,0,29,17,184,10.82,1,0,0,1,,,26,42.7,45.7,34.2,,103,
258,Rashard Higgins,CLE,WR,27,11,2,0,0,0,0,0,0,0,,0,31,15,185,12.33,1,0,0,1,,,25,39.5,42.5,32,,107,
259,Travis Homer,SEA,RB,23,10,0,0,0,0,0,0,11,66,6,0,12,11,128,11.64,0,0,0,1,,,25,36.4,39.4,30.9,,71,
260,Albert Okwuegbunam,DEN,TE,23,8,4,0,0,0,0,0,0,0,,0,23,20,205,10.25,1,1,1,1,,,25,44.5,48.5,34.5,,40,
261,Trey Sermon,SFO,RB,22,9,2,0,0,0,0,0,41,167,4.07,1,4,3,26,8.67,0,0,0,1,,,25,28.3,31.3,26.8,,72,
262,Maxx Williams,ARI,TE,27,5,5,0,0,0,0,0,0,0,,0,17,16,193,12.06,1,0,0,1,,,25,41.3,44.3,33.3,,39,
263,Brandon Zylstra,CAR,WR,28,9,0,0,0,0,0,0,0,0,,0,14,12,188,15.67,1,0,0,1,,,25,36.8,39.8,30.8,,106,
264,Salvon Ahmed,MIA,RB,23,11,0,0,0,0,0,0,46,126,2.74,0,19,12,117,9.75,0,0,0,0,,,24,36.3,42.3,30.3,,73,
265,Peyton Barber,LVR,RB,27,4,1,0,0,0,0,0,38,146,3.84,1,5,3,31,10.33,0,1,0,1,,,24,26.7,29.7,25.2,,75,
266,Cameron Brate,TAM,TE,30,11,3,0,0,0,0,0,0,0,,0,38,19,181,9.53,1,0,0,1,,,24,43.1,46.1,33.6,,41,
267,Joe Flacco,NYJ,QB,36,2,1,27,42,338,3,0,2,3,1.5,0,0,0,0,,0,1,1,0,,,24,23.8,27.8,23.8,,44,
268,D'Onta Foreman,TEN,RB,25,4,1,0,0,0,0,0,42,193,4.6,0,4,4,66,16.5,0,1,1,0,,,24,27.9,31.9,25.9,,74,
269,Ryan Griffin,NYJ,TE,31,11,10,0,0,0,0,0,0,0,,0,35,21,179,8.52,1,1,0,1,,,24,44.9,47.9,34.4,,42,
270,Nico Collins,HOU,WR,22,8,3,0,0,0,0,0,0,0,,0,29,18,228,12.67,0,0,0,0,,,23,40.8,43.8,31.8,,110,
271,Chris Evans,CIN,RB,24,10,0,0,0,0,0,0,9,41,4.56,0,11,11,127,11.55,1,0,0,1,,,23,33.8,36.8,28.3,,76,
272,Demetric Felton,CLE,RB,23,11,0,0,0,0,0,0,6,18,3,0,15,13,147,11.31,1,2,0,1,,,23,35.5,38.5,29,,77,
273,Michael Gallup,DAL,WR,25,4,3,0,0,0,0,0,0,0,,0,30,17,228,13.41,0,0,0,0,,,23,39.8,42.8,31.3,,111,
274,Jalen Guyton,LAC,WR,24,11,2,0,0,0,0,0,5,34,6.8,0,28,14,199,14.21,0,1,0,0,,,23,37.3,40.3,30.3,,109,
275,Tyler Johnson,TAM,WR,23,11,1,0,0,0,0,0,0,0,,0,31,19,225,11.84,0,0,0,0,,,23,41.5,44.5,32,,112,
276,Josh Palmer,LAC,WR,23,11,0,0,0,0,0,0,1,6,6,0,20,15,168,11.2,1,0,0,1,,,23,38.4,41.4,30.9,,108,
277,Kyle Rudolph,NYG,TE,32,10,7,0,0,0,0,0,0,0,,0,24,17,147,8.65,1,0,0,1,1,,23,39.7,42.7,31.2,,43,
278,Ameer Abdullah,2TM,RB,28,12,1,0,0,0,0,0,28,95,3.39,0,24,16,129,8.06,0,0,0,0,,,22,38.4,41.4,30.4,,78,
279,Rex Burkhead,HOU,RB,31,10,0,0,1,0,0,0,37,96,2.59,1,11,8,65,8.13,0,0,0,1,,,22,30.1,30.1,26.1,,79,
280,Parris Campbell,IND,WR,24,5,3,0,0,0,0,0,0,0,,0,17,10,162,16.2,1,0,0,1,,,22,32.2,35.2,27.2,,113,
281,Will Dissly,SEA,TE,25,10,9,0,0,0,0,0,0,0,,0,17,13,156,12,1,1,0,1,,,22,34.6,37.6,28.1,,45,
282,T.Y. Hilton,IND,WR,32,5,4,0,0,0,0,0,0,0,,0,21,13,155,11.92,1,0,0,1,,,22,34.5,37.5,28,,115,
283,Josh Reynolds,2TM,WR,26,7,1,0,0,0,0,0,0,0,,0,21,13,160,12.31,1,0,0,1,,,22,35,38,28.5,,114,
284,Logan Thomas,WAS,TE,30,4,4,0,0,0,0,0,0,0,,0,14,12,117,9.75,2,1,1,2,,,22,33.7,37.7,27.7,,44,
285,Harrison Bryant,CLE,TE,23,12,3,0,0,0,0,0,0,0,,0,21,16,211,13.19,0,0,0,0,,,21,37.1,40.1,29.1,,46,
286,Tevin Coleman,NYJ,RB,28,7,3,0,0,0,0,0,46,185,4.02,0,10,7,26,3.71,0,0,0,0,,,21,28.1,31.1,24.6,,80,
287,Eric Ebron,PIT,TE,28,8,3,0,0,0,0,0,1,1,1,1,18,12,84,7,1,0,0,2,,,21,32.5,32.5,26.5,,48,
288,Anthony Firkser,TEN,TE,26,10,1,0,0,0,0,0,0,0,,0,28,20,145,7.25,0,1,0,1,,,21,40.5,43.5,30.5,,49,
289,Kendall Hinton,DEN,WR,24,10,0,0,0,0,0,0,0,0,,0,16,12,145,12.08,1,0,0,1,,,21,32.5,35.5,26.5,,118,
290,Blake Jarwin,DAL,TE,27,7,5,0,0,0,0,0,0,0,,0,15,10,90,9,2,0,0,2,,,21,31,31,26,,47,
291,Chris Moore,HOU,WR,28,8,1,0,0,0,0,0,0,0,,0,15,14,149,10.64,1,0,0,1,,,21,34.9,37.9,27.9,,117,
292,Tajae Sharpe,ATL,WR,27,11,4,0,0,0,0,0,0,0,,0,27,21,213,10.14,0,0,0,0,,,21,42.3,45.3,31.8,,116,
293,Danny Amendola,HOU,WR,36,7,0,0,1,0,0,0,0,0,,0,29,17,135,7.94,1,1,0,1,,,20,36.5,39.5,28,,120,
294,Le'Veon Bell,BAL,RB,29,5,0,0,0,0,0,0,31,83,2.68,2,3,1,-1,-1,0,0,0,2,,,20,21.2,21.2,20.7,,81,
295,Malcolm Brown,MIA,RB,28,7,3,0,0,0,0,0,33,125,3.79,1,5,3,10,3.33,0,0,0,1,,,20,22.5,25.5,21,,83,
296,Jamycal Hasty,SFO,RB,25,5,0,0,0,0,0,0,13,48,3.69,1,18,13,91,7,0,0,0,1,,,20,32.9,32.9,26.4,,82,
297,O.J. Howard,TAM,TE,27,11,7,0,0,0,0,0,0,0,,0,20,14,135,9.64,1,0,0,1,,,20,33.5,36.5,26.5,,52,
298,Hayden Hurst,ATL,TE,28,9,5,0,0,0,0,0,0,0,,0,25,20,158,7.9,1,3,1,1,,,20,39.8,43.8,29.8,,51,
299,Brevin Jordan,HOU,TE,21,4,2,0,0,0,0,0,0,0,,0,12,9,80,8.89,2,0,0,2,,,20,29,29,24.5,,50,
300,JuJu Smith-Schuster,PIT,WR,25,5,5,0,0,0,0,0,3,9,3,1,28,15,129,8.6,0,0,0,1,,,20,34.8,37.8,27.3,,119,
301,DeeJay Dallas,SEA,RB,23,10,0,0,0,0,0,0,14,60,4.29,1,10,9,72,8,0,1,0,1,,,19,28.2,28.2,23.7,,85,
302,Jermar Jefferson,DET,RB,21,4,0,0,0,0,0,0,5,47,9.4,2,4,4,23,5.75,0,0,0,2,,,19,23,23,21,,86,
303,James White,NWE,RB,29,3,0,0,0,0,0,0,10,38,3.8,1,14,12,94,7.83,0,0,0,1,,,19,31.2,31.2,25.2,,84,
304,Albert Wilson,MIA,WR,29,11,3,0,1,0,0,0,3,16,5.33,0,29,20,178,8.9,0,0,0,0,,,19,39.4,42.4,29.4,,121,
305,Godwin Igwebuike,DET,RB,27,11,0,0,0,0,0,0,6,85,14.17,1,5,4,36,9,0,0,0,1,,,18,22.1,22.1,20.1,,87,
306,Jauan Jennings,SFO,WR,24,10,1,0,0,0,0,0,0,0,,0,12,7,62,8.86,2,0,0,2,,,18,25.2,25.2,21.7,,122,
307,Mohamed Sanu,SFO,WR,32,8,0,0,0,0,0,0,0,0,,0,24,15,177,11.8,0,0,0,0,,,18,32.7,35.7,25.2,,123,
308,Noah Brown,DAL,WR,25,10,1,0,0,0,0,0,0,0,,0,22,14,170,12.14,0,0,0,0,,,17,31,34,24,,125,
309,Isaiah Ford,MIA,WR,25,8,0,0,0,0,0,0,0,0,,0,10,7,108,15.43,1,0,0,1,,,17,23.8,26.8,20.3,,126,
310,Joe Fortson,KAN,TE,26,6,0,0,0,0,0,0,0,0,,0,5,5,47,9.4,2,0,0,2,,,17,21.7,21.7,19.2,,53,
311,Cooper Rush,DAL,QB,28,3,1,27,43,342,2,1,4,-4,-1,0,0,0,0,,0,1,1,0,,,17,17.3,22.3,18.3,,45,
312,Malik Turner,DAL,WR,25,8,0,0,0,0,0,0,0,0,,0,11,7,51,7.29,2,0,0,2,,,17,24.1,24.1,20.6,,124,
313,Stephen Anderson,LAC,TE,28,11,2,0,0,0,0,0,0,0,,0,14,11,100,9.09,1,0,0,1,,,16,27,30,21.5,,56,
314,Josiah Deguara,GNB,TE,24,11,0,0,0,0,0,0,0,0,,0,15,12,103,8.58,1,0,0,1,,,16,28.3,31.3,22.3,,55,
315,Jimmy Graham,CHI,TE,35,9,3,0,0,0,0,0,0,0,,0,12,6,98,16.33,1,0,0,1,,,16,21.8,21.8,18.8,,57,
316,Marcus Johnson,TEN,WR,27,7,3,0,0,0,0,0,2,-2,-1,0,19,9,160,17.78,0,0,0,0,,,16,24.8,27.8,20.3,,127,
317,Case Keenum,CLE,QB,33,5,1,30,48,286,1,0,7,7,1,0,0,0,0,,0,0,0,0,,,16,16.1,16.1,16.1,,46,
318,Tyler Kroft,NYJ,TE,29,6,4,0,0,0,0,0,0,0,,0,15,10,104,10.4,1,0,0,1,,,16,26.4,29.4,21.4,,54,
319,Elijhaa Penny,NYG,RB,28,11,2,0,0,0,0,0,22,89,4.05,1,6,4,9,2.25,0,0,0,1,,,16,19.8,19.8,17.8,,88,
320,Jordan Akins,HOU,TE,29,9,3,0,0,0,0,0,1,3,3,0,28,21,184,8.76,0,2,2,0,,,15,35.7,40.7,25.2,,58,
321,Tavon Austin,JAX,WR,31,8,0,0,0,0,0,0,0,0,,0,16,10,106,10.6,1,1,1,1,,,15,24.6,28.6,19.6,,131,
322,Eno Benjamin,ARI,RB,22,5,0,0,0,0,0,0,23,83,3.61,1,2,1,5,5,0,0,0,1,,,15,15.8,15.8,15.3,,91,
323,Derrick Gore,KAN,RB,27,5,0,0,0,0,0,0,20,80,4,1,2,2,13,6.5,0,0,0,1,,,15,17.3,17.3,16.3,,89,
324,Alec Ingold,LVR,RB,25,9,3,0,0,0,0,0,2,1,0.5,0,12,10,85,8.5,1,0,0,1,,,15,24.6,24.6,19.6,,93,
325,Adrian Peterson,TEN,RB,36,3,2,0,0,0,0,0,27,82,3.04,1,4,4,8,2,0,0,0,1,,,15,19,19,17,,90,
326,Dante Pettis,NYG,WR,26,3,0,1,1,16,0,0,0,0,,0,16,10,87,8.7,1,1,0,1,,,15,25.3,25.3,20.3,,128,
327,Larry Rountree,LAC,RB,22,9,0,0,0,0,0,0,36,87,2.42,1,2,1,-1,-1,0,0,0,1,,,15,15.6,15.6,15.1,,92,
328,Mason Rudolph,PIT,QB,26,1,1,30,50,242,1,1,4,36,9,0,0,0,0,,0,1,0,0,,,15,15.3,16.3,16.3,,47,
329,Cam Sims,WAS,WR,25,7,0,0,0,0,0,0,1,7,7,0,9,7,81,11.57,1,0,0,1,,,15,21.8,21.8,18.3,,130,
330,J.J. Taylor,NWE,RB,23,5,0,0,0,0,0,0,19,37,1.95,2,4,4,8,2,0,1,1,2,,,15,18.5,19.5,16.5,,94,
331,Ian Thomas,CAR,TE,25,12,9,0,0,0,0,0,0,0,,0,23,13,146,11.23,0,0,0,0,,,15,27.6,30.6,21.1,,59,
332,Greg Ward,PHI,WR,26,12,0,0,1,0,0,0,0,0,,0,4,2,30,15,2,0,0,2,,,15,17,17,16,,129,
333,Lil'Jordan Humphrey,NOR,WR,23,5,1,0,0,0,0,0,0,0,,0,8,5,78,15.6,1,0,0,1,,,14,18.8,18.8,16.3,,132,
334,Justin Jackson,LAC,RB,25,8,0,0,0,0,0,0,14,103,7.36,0,8,7,34,4.86,0,0,0,0,,,14,20.7,23.7,17.2,,95,
335,Terrace Marshall Jr.,CAR,WR,21,9,3,0,0,0,0,0,0,0,,0,26,14,116,8.29,0,0,0,0,1,,14,27.6,30.6,20.6,,134,
336,Ray-Ray McCloud,PIT,WR,25,10,2,0,0,0,0,0,2,15,7.5,0,24,19,141,7.42,0,3,1,0,,,14,32.6,36.6,23.1,,133,
337,Kene Nwangwu,MIN,RB,23,5,0,0,0,0,0,0,2,16,8,0,0,0,0,,0,0,0,2,,,14,13.6,13.6,13.6,,96,
338,Wayne Gallman,ATL,RB,27,6,0,0,0,0,0,0,28,104,3.71,0,3,1,21,21,0,0,0,0,,,13,13.5,16.5,13,,97,
339,Tyler Huntley,BAL,QB,23,3,1,31,47,258,0,1,10,50,5,0,0,0,0,,0,1,0,0,,,13,13.3,14.3,14.3,,48,
340,Denzel Mims,NYJ,WR,24,6,2,0,0,0,0,0,0,0,,0,14,7,129,18.43,0,0,0,0,,,13,19.9,22.9,16.4,,135,
341,Anthony Schwartz,CLE,WR,21,10,2,0,0,0,0,0,3,12,4,0,17,8,117,14.63,0,0,0,0,,,13,20.9,23.9,16.9,,136,
342,Kenny Stills,NOR,WR,29,9,4,0,0,0,0,0,1,1,1,0,17,5,64,12.8,1,0,0,1,,,13,17.5,17.5,15,,137,
343,Pharaoh Brown,HOU,TE,27,9,7,0,0,0,0,0,0,0,,0,23,14,124,8.86,0,0,0,0,,,12,26.4,29.4,19.4,,60,
344,C.J. Ham,MIN,RB,28,11,5,0,0,0,0,0,7,34,4.86,0,11,11,82,7.45,0,0,0,0,,,12,22.6,22.6,17.1,,100,
345,N'Keal Harry,NWE,WR,24,8,3,0,0,0,0,0,0,0,,0,10,8,117,14.63,0,0,0,0,,,12,19.7,22.7,15.7,,139,
346,Jesse James,CHI,TE,27,10,6,0,0,0,0,0,0,0,,0,7,6,58,9.67,1,0,0,1,,,12,17.8,17.8,14.8,,64,
347,Tony Jones,NOR,RB,24,6,2,0,0,0,0,0,38,106,2.79,0,6,4,10,2.5,0,0,0,0,,,12,15.6,18.6,13.6,,101,
348,Marcedes Lewis,GNB,TE,37,12,12,0,0,0,0,0,0,0,,0,17,14,121,8.64,0,1,0,0,,,12,26.1,29.1,19.1,,61,
349,Jordan Love,GNB,QB,23,4,1,24,41,258,1,1,9,19,2.11,0,0,0,0,,0,2,1,0,,,12,12.2,14.2,13.2,,49,
350,Chris Manhertz,JAX,TE,29,11,8,0,0,0,0,0,0,0,,0,7,5,60,12,1,0,0,1,,,12,17,17,14.5,,63,
351,Jerick McKinnon,KAN,RB,29,11,0,0,0,0,0,0,7,38,5.43,0,17,10,81,8.1,0,0,0,0,,,12,21.9,21.9,16.9,,98,
352,James O'Shaughnessy,JAX,TE,29,3,3,0,0,0,0,0,0,0,,0,14,10,101,10.1,0,0,0,0,1,,12,22.1,25.1,17.1,,62,
353,James Proche,BAL,WR,25,10,0,0,0,0,0,0,0,0,,0,11,8,118,14.75,0,0,0,0,,,12,19.8,22.8,15.8,,138,
354,Patrick Ricard,BAL,RB,27,11,9,0,0,0,0,0,2,4,2,0,12,7,54,7.71,1,0,0,1,,,12,18.8,18.8,15.3,,99,
355,Ross Dwelley,SFO,TE,26,11,2,0,0,0,0,0,0,0,,0,5,4,51,12.75,1,0,0,1,,,11,15.1,15.1,13.1,,66,
356,Dez Fitzpatrick,TEN,WR,24,3,0,0,0,0,0,0,0,0,,0,8,5,49,9.8,1,0,0,1,,,11,15.9,15.9,13.4,,143,
357,Cyril Grayson,TAM,WR,28,2,0,0,0,0,0,0,0,0,,0,1,1,50,50,1,0,0,1,,,11,12,12,11.5,,142,
358,Marlon Mack,IND,RB,25,6,0,0,0,0,0,0,28,101,3.61,0,5,2,8,4,0,0,0,0,,,11,12.9,15.9,11.9,,103,
359,Marcus Mariota,LVR,QB,28,5,0,0,0,0,0,0,5,45,9,1,0,0,0,,0,0,0,1,,,11,10.5,10.5,10.5,,50,
360,Ty Montgomery,NOR,WR,28,9,1,0,0,0,0,0,10,27,2.7,0,15,11,85,7.73,0,0,0,0,,,11,22.2,22.2,16.7,,141,
361,Jaret Patterson,WAS,RB,22,10,0,0,0,0,0,0,31,104,3.35,0,3,2,9,4.5,0,0,0,0,,,11,13.3,16.3,12.3,,102,
362,Eric Saubert,DEN,TE,27,11,4,0,0,0,0,0,0,0,,0,11,8,47,5.88,1,0,0,1,,,11,18.7,18.7,14.7,,68,
363,Adam Shaheen,MIA,TE,27,9,7,0,0,0,0,0,0,0,,0,16,12,110,9.17,0,0,0,0,,,11,23,26,17,,67,
364,Trent Sherfield,SFO,WR,25,11,0,0,0,0,0,0,0,0,,0,11,5,46,9.2,1,0,0,1,,,11,15.6,15.6,13.1,,144,
365,Lee Smith,ATL,TE,34,10,4,0,0,0,0,0,0,0,,0,9,8,53,6.63,1,0,0,1,,,11,19.3,19.3,15.3,,65,
366,Antoine Wesley,ARI,WR,24,9,2,0,0,0,0,0,0,0,,0,11,8,113,14.13,0,0,0,0,,,11,19.3,22.3,15.3,,140,
367,Chris Hogan,NOR,WR,34,5,1,0,0,0,0,0,0,0,,0,8,4,41,10.25,1,0,0,1,,,10,14.1,14.1,12.1,,145,
368,Brian Hoyer,NWE,QB,36,4,0,6,7,164,1,0,9,-9,-1,0,0,0,0,,0,0,0,0,,,10,9.7,9.7,9.7,,51,
369,Jeff Smith,NYJ,WR,24,8,0,0,0,0,0,0,1,-1,-1,0,9,6,98,16.33,0,0,0,0,,,10,15.7,15.7,12.7,,147,
370,Tommy Sweeney,BUF,TE,26,11,2,0,0,0,0,0,0,0,,0,11,9,44,4.89,1,1,0,1,,,10,19.4,19.4,14.9,,69,
371,Auden Tate,CIN,WR,24,7,0,0,0,0,0,0,0,0,,0,4,3,39,13,1,0,0,1,,,10,12.9,12.9,11.4,,146,
372,Austin Walter,NYJ,RB,25,1,0,0,0,0,0,0,9,38,4.22,1,1,0,0,,0,0,0,1,,,10,9.8,9.8,9.8,,104,
373,Antony Auclair,HOU,TE,28,11,8,0,0,0,0,0,0,0,,0,3,3,34,11.33,1,0,0,1,,,9,12.4,12.4,10.9,,70,
374,Cameron Batson,TEN,WR,26,4,0,0,0,0,0,0,2,15,7.5,0,5,2,15,7.5,1,0,0,1,,,9,11,11,10,,149,
375,Royce Freeman,2TM,RB,25,9,0,0,0,0,0,0,21,77,3.67,0,6,3,15,5,0,0,0,0,,,9,12.2,12.2,10.7,,106,
376,Kylen Granson,IND,TE,23,12,0,0,0,0,0,0,0,0,,0,12,9,94,10.44,0,0,0,0,,,9,18.4,18.4,13.9,,71,
377,Collin Johnson,NYG,WR,24,9,0,0,0,0,0,0,0,0,,0,20,10,89,8.9,0,0,0,0,,,9,18.9,18.9,13.9,,150,
378,Isaiah McKenzie,BUF,WR,26,10,1,0,0,0,0,0,5,27,5.4,1,8,5,26,5.2,0,1,1,1,,,9,14.3,15.3,11.8,,148,
379,Sean McKeon,DAL,TE,24,4,1,0,0,0,0,0,0,0,,0,6,4,27,6.75,1,0,0,1,,,9,12.7,12.7,10.7,,73,
380,Anthony Miller,2TM,WR,27,3,1,0,0,0,0,0,0,0,,0,12,6,25,4.17,1,0,0,1,,,9,14.5,14.5,11.5,,152,
381,Equanimeous St. Brown,GNB,WR,25,9,1,0,0,0,0,0,2,24,12,0,10,6,62,10.33,0,0,0,0,,,9,14.6,14.6,11.6,,151,
382,Nick Vannett,NOR,TE,28,2,0,0,0,0,0,0,0,0,,0,2,2,31,15.5,1,0,0,1,,,9,11.1,11.1,10.1,,72,
383,P.J. Walker,CAR,QB,26,5,1,30,54,287,0,2,5,18,3.6,0,0,0,0,,0,2,1,0,,1,9,9.3,12.3,11.3,,52,
384,Jeff Wilson,SFO,RB,26,3,1,0,0,0,0,0,31,83,2.68,0,3,2,10,5,0,1,0,0,,,9,11.3,11.3,10.3,,105,
385,Alex Armah,NOR,RB,27,9,2,0,0,0,0,0,5,21,4.2,0,1,1,1,1,1,0,0,1,,,8,9.2,9.2,8.7,,108,
386,Dyami Brown,WAS,WR,22,8,5,0,0,0,0,0,1,-4,-4,0,20,8,81,10.13,0,0,0,0,,,8,15.7,15.7,11.7,,155,
387,Mike Glennon,NYG,QB,32,1,0,16,25,196,1,2,2,2,1,0,0,0,0,,0,1,0,0,,,8,8,10,10,,53,
388,Noah Gray,KAN,TE,22,10,0,0,0,0,0,0,0,0,,0,7,4,18,4.5,1,0,0,1,,,8,11.8,11.8,9.8,,76,
389,Chris Herndon,MIN,TE,25,11,3,0,0,0,0,0,0,0,,0,6,3,23,7.67,1,0,0,1,,,8,11.3,11.3,9.8,,74,
390,Jacob Hollister,JAX,TE,28,4,2,0,0,0,0,0,0,0,,0,9,4,21,5.25,1,0,0,1,,,8,12.1,12.1,10.1,,75,
391,Andy Janovich,CLE,RB,28,8,2,0,0,0,0,0,2,0,0,1,1,0,0,,0,0,0,1,1,,8,8,8,8,,109,
392,Keith Smith,ATL,RB,29,11,5,0,0,0,0,0,9,31,3.44,0,8,7,51,7.29,0,0,0,0,,,8,15.2,15.2,11.7,,107,
393,Laquon Treadwell,JAX,WR,26,6,2,0,0,0,0,0,0,0,,0,15,6,82,13.67,0,0,0,0,,,8,14.2,14.2,11.2,,153,
394,Mitchell Trubisky,BUF,QB,27,5,0,5,7,28,0,1,10,27,2.7,1,0,0,0,,0,0,0,1,,,8,7.8,8.8,8.8,,54,
395,Preston Williams,MIA,WR,24,6,3,0,0,0,0,0,1,7,7,0,16,6,71,11.83,0,0,0,0,,,8,13.8,13.8,10.8,,154,
396,Trinity Benson,DET,WR,24,7,1,0,0,0,0,0,0,0,,0,18,8,72,9,0,0,0,0,,,7,15.2,15.2,11.2,,158,
397,Damiere Byrd,CHI,WR,28,11,2,0,0,0,0,0,0,0,,0,12,9,74,8.22,0,0,0,0,,,7,16.4,16.4,11.9,,156,
398,Zach Gentry,PIT,TE,25,11,6,0,0,0,0,0,0,0,,0,11,7,70,10,0,0,0,0,,,7,14,14,10.5,,78,
399,KJ Hamler,DEN,WR,22,3,2,0,0,0,0,0,0,0,,0,10,5,74,14.8,0,0,0,0,,,7,12.4,12.4,9.9,,157,
400,KhaDarel Hodge,DET,WR,26,10,1,0,0,0,0,0,0,0,,0,14,6,51,8.5,0,0,0,0,1,,7,13.1,13.1,10.1,,159,
401,Chris Myarick,NYG,TE,26,5,1,0,0,0,0,0,0,0,,0,3,2,11,5.5,1,0,0,1,,,7,9.1,9.1,8.1,,77,
402,Johnny Stanton,CLE,RB,27,4,0,0,0,0,0,0,3,5,1.67,0,2,2,7,3.5,1,0,0,1,,,7,9.2,9.2,8.2,,110,
403,Dede Westbrook,MIN,WR,28,10,0,0,0,0,0,0,0,0,,0,12,8,66,8.25,0,2,0,0,,,7,14.6,14.6,10.6,,160,
404,John Bates,WAS,TE,24,10,2,0,0,0,0,0,0,0,,0,8,8,59,7.38,0,0,0,0,,,6,13.9,13.9,9.9,,81,
405,C.J. Board,NYG,WR,28,6,1,0,0,0,0,0,1,6,6,0,6,4,51,12.75,0,0,0,0,,,6,9.7,9.7,7.7,,162,
406,Ja'Marcus Bradley,CLE,WR,25,2,0,0,0,0,0,0,0,0,,0,4,4,64,16,0,0,0,0,,,6,10.4,10.4,8.4,,161,
407,Alex Erickson,CAR,WR,29,12,0,0,0,0,0,0,0,0,,0,3,3,55,18.33,0,0,0,0,,,6,8.5,8.5,7,,163,
408,Jesper Horsted,CHI,TE,24,5,0,0,0,0,0,0,0,0,,0,2,1,2,2,1,0,0,1,,,6,7.2,7.2,6.7,,79,
409,Joshua Kelley,LAC,RB,24,5,0,0,0,0,0,0,11,41,3.73,0,4,3,19,6.33,0,0,0,0,,,6,9,9,7.5,,111,
410,Josh Oliver,BAL,TE,24,10,0,0,0,0,0,0,0,0,,0,13,7,59,8.43,0,1,0,0,,,6,12.9,12.9,9.4,,80,
411,Blake Bell,KAN,TE,30,10,2,0,0,0,0,0,2,5,2.5,0,8,5,41,8.2,0,0,0,0,,,5,9.6,9.6,7.1,,85,
412,Jaelon Darden,TAM,WR,22,6,0,0,0,0,0,0,1,11,11,0,8,6,43,7.17,0,0,0,0,,,5,11.4,11.4,8.4,,164,
413,Luke Farrell,JAX,TE,24,10,2,0,0,0,0,0,0,0,,0,9,6,49,8.17,0,1,0,0,,,5,10.9,10.9,7.9,,83,
414,Will Fuller,MIA,WR,27,2,0,0,0,0,0,0,0,0,,0,8,4,26,6.5,0,0,0,0,1,,5,8.6,8.6,6.6,,168,
415,Dax Milne,WAS,WR,22,9,1,0,0,0,0,0,0,0,,0,11,7,71,10.14,0,1,1,0,,,5,12.1,13.1,8.6,,166,
416,Dare Ogunbowale,JAX,RB,27,11,0,0,0,0,0,0,5,13,2.6,0,4,3,32,10.67,0,0,0,0,,,5,7.5,7.5,6,,115,
417,Jalen Richard,LVR,RB,28,6,0,0,0,0,0,0,5,8,1.6,0,10,8,45,5.63,0,0,0,0,,,5,13.3,13.3,9.3,,112,
418,Amari Rodgers,GNB,WR,22,12,1,0,0,0,0,0,1,11,11,0,5,3,40,13.33,0,2,0,0,,,5,8.1,8.1,6.6,,167,
419,Drew Sample,CIN,TE,25,11,6,0,0,0,0,0,0,0,,0,10,6,48,8,0,0,0,0,,,5,10.8,10.8,7.8,,84,
420,Rodney Smith,CAR,RB,25,2,0,0,0,0,0,0,0,0,,0,5,5,48,9.6,0,0,0,0,,,5,9.8,9.8,7.3,,114,
421,Benny Snell Jr.,PIT,RB,23,11,0,0,0,0,0,0,15,43,2.87,0,3,1,7,7,0,0,0,0,,,5,6,6,5.5,,113,
422,Mike Thomas,CIN,WR,27,8,1,0,0,0,0,0,0,0,,0,8,5,52,10.4,0,0,0,0,,,5,10.2,10.2,7.7,,165,
423,Charlie Woerner,SFO,TE,24,11,2,0,0,0,0,0,0,0,,0,6,5,52,10.4,0,0,0,0,,,5,10.2,10.2,7.7,,82,
424,Brandon Allen,CIN,QB,29,4,0,2,4,13,1,0,5,-4,-0.8,0,0,0,0,,0,0,0,0,,,4,4.1,4.1,4.1,,55,
425,JJ Arcega-Whiteside,PHI,WR,25,11,2,0,0,0,0,0,0,0,,0,2,2,36,18,0,0,0,0,,,4,5.6,5.6,4.6,,173,
426,Kalen Ballage,PIT,RB,26,11,0,0,0,0,0,0,11,36,3.27,0,7,2,8,4,0,0,0,0,,,4,6.4,6.4,5.4,,116,
427,Darren Fells,2TM,TE,35,8,5,0,0,0,0,0,0,0,,0,5,4,43,10.75,0,0,0,0,,,4,8.3,8.3,6.3,,86,
428,Penny Hart,SEA,WR,25,10,0,0,0,0,0,0,0,0,,0,9,4,38,9.5,0,0,0,0,,,4,7.8,7.8,5.8,,170,
429,Rashaad Penny,SEA,RB,25,4,1,0,0,0,0,0,17,43,2.53,0,0,0,0,,0,0,0,0,,,4,4.3,4.3,4.3,,117,
430,Ben Skowronek,LAR,WR,24,8,0,0,0,0,0,0,0,0,,0,8,4,38,9.5,0,0,0,0,,,4,7.8,7.8,5.8,,169,
431,Willie Snead,2TM,WR,29,8,0,0,0,0,0,0,0,0,,0,7,4,38,9.5,0,0,0,0,,,4,7.8,7.8,5.8,,171,
432,Kevin White,NOR,WR,29,5,1,0,0,0,0,0,0,0,,0,5,1,38,38,0,0,0,0,,,4,4.8,4.8,4.3,,172,
433,Jason Cabinda,DET,RB,25,10,2,0,0,0,0,0,3,23,7.67,0,3,1,4,4,0,0,0,0,,,3,3.7,3.7,3.2,,123,
434,Corey Clement,DAL,RB,27,11,0,0,0,0,0,0,9,20,2.22,0,1,1,5,5,0,0,0,0,,,3,3.5,3.5,3,,124,
435,Garrett Griffin,NOR,TE,27,11,4,0,0,0,0,0,0,0,,0,3,3,30,10,0,0,0,0,,,3,6,6,4.5,,89,
436,Chad Henne,KAN,QB,36,2,0,11,16,82,0,0,3,2,0.67,0,0,0,0,,0,0,0,0,,,3,3.5,3.5,3.5,,56,
437,K.J. Hill,LAC,WR,24,6,0,0,0,0,0,0,0,0,,0,3,3,30,10,0,0,0,0,,,3,6,6,4.5,,175,
438,Kylin Hill,GNB,RB,23,8,0,0,0,0,0,0,10,24,2.4,0,2,1,5,5,0,0,0,0,,,3,3.9,3.9,3.4,,121,
439,Tommy Hudson,TEN,TE,24,5,0,0,0,0,0,0,0,0,,0,6,3,31,10.33,0,0,0,0,,,3,6.1,6.1,4.6,,88,
440,Trenton Irwin,CIN,WR,26,5,0,0,0,0,0,0,0,0,,0,1,1,25,25,0,0,0,0,,,3,3.5,3.5,3,,179,
441,Jakob Johnson,NWE,RB,27,12,4,0,0,0,0,0,0,0,,0,4,3,34,11.33,0,0,0,0,,,3,6.4,6.4,4.9,,119,
442,Qadree Ollison,ATL,RB,25,2,0,0,0,0,0,0,9,34,3.78,0,3,2,0,0,0,0,0,0,,,3,5.4,5.4,4.4,,118,
443,Andre Roberts,2TM,WR,33,11,0,0,0,0,0,0,2,13,6.5,0,2,1,35,35,0,2,1,0,,,3,3.8,4.8,3.3,,176,
444,Curtis Samuel,WAS,WR,25,2,1,0,0,0,0,0,1,8,8,0,5,4,19,4.75,0,0,0,0,,,3,6.7,6.7,4.7,,177,
445,Kaden Smith,NYG,TE,24,10,4,0,0,0,0,0,0,0,,0,3,3,33,11,0,0,0,0,,,3,6.3,6.3,4.8,,87,
446,Mike Strachan,IND,WR,24,6,0,0,0,0,0,0,0,0,,0,3,2,26,13,0,0,0,0,,,3,4.6,4.6,3.6,,178,
447,Ke'Shawn Vaughn,TAM,RB,24,6,0,0,0,0,0,0,8,31,3.88,0,0,0,0,,0,0,0,0,,,3,3.1,3.1,3.1,,120,
448,Dwayne Washington,NOR,RB,27,9,0,0,0,0,0,0,4,16,4,0,2,2,12,6,0,0,0,0,,,3,4.8,4.8,3.8,,122,
449,Juwann Winfree,GNB,WR,25,3,0,0,0,0,0,0,0,0,,0,6,4,30,7.5,0,1,0,0,,,3,7,7,5,,174,
450,Nick Bawden,NYJ,RB,25,3,0,0,0,0,0,0,0,0,,0,1,1,20,20,0,0,0,0,,,2,3,3,2.5,,128,
451,Christian Blake,ATL,WR,25,10,0,0,0,0,0,0,0,0,,0,6,3,20,6.67,0,0,0,0,,,2,5,5,3.5,,184,
452,Michael Burton,KAN,RB,29,10,0,0,0,0,0,0,3,9,3,0,1,1,11,11,0,0,0,0,,,2,3,3,2.5,,130,
453,Cethan Carter,MIA,TE,26,12,1,0,0,0,0,0,0,0,,0,2,2,16,8,0,0,0,0,,,2,3.6,3.6,2.6,,90,
454,D'Wayne Eskridge,SEA,WR,24,3,0,0,0,0,0,0,2,22,11,0,3,2,2,1,0,0,0,0,,,2,4.4,4.4,3.4,,180,
455,Darrynton Evans,TEN,RB,23,1,0,0,0,0,0,0,2,7,3.5,0,2,2,11,5.5,0,0,0,0,,,2,3.8,3.8,2.8,,135,
456,Blaine Gabbert,TAM,QB,32,4,0,7,8,67,0,0,8,-6,-0.75,0,0,0,0,,0,0,0,0,,,2,2.1,2.1,2.1,,57,
457,Reggie Gilliam,BUF,RB,24,11,5,0,0,0,0,0,3,3,1,0,3,2,15,7.5,0,0,0,0,,,2,3.8,3.8,2.8,,133,
458,Josh Gordon,KAN,WR,30,7,4,0,0,0,0,0,0,0,,0,6,2,18,9,0,0,0,0,,,2,3.8,3.8,2.8,,185,
459,Cody Hollister,TEN,WR,28,1,1,0,0,0,0,0,0,0,,0,4,2,22,11,0,0,0,0,,,2,4.2,4.2,3.2,,183,
460,Duke Johnson,MIA,RB,28,1,0,0,0,0,0,0,4,18,4.5,0,0,0,0,,0,0,0,0,,,2,1.8,1.8,1.8,,132,
461,Tyron Johnson,JAX,WR,25,5,0,0,0,0,0,0,0,0,,0,5,2,16,8,0,0,0,0,,,2,3.6,3.6,2.6,,189,
462,Marcus Kemp,KAN,WR,26,10,0,0,0,0,0,0,0,0,,0,3,2,24,12,0,0,0,0,,,2,4.4,4.4,3.4,,181,
463,Tom Kennedy,DET,WR,25,6,0,0,0,0,0,0,0,0,,0,2,1,15,15,0,0,0,0,,,2,2.5,2.5,2,,190,
464,Keith Kirkwood,CAR,WR,27,2,0,0,0,0,0,0,0,0,,0,6,3,17,5.67,0,0,0,0,,,2,4.7,4.7,3.2,,187,
465,Patrick Laird,MIA,RB,26,5,0,0,0,0,0,0,1,4,4,0,3,3,17,5.67,0,0,0,0,,,2,5.1,5.1,3.6,,126,
466,Drew Lock,DEN,QB,25,2,0,16,28,139,0,2,0,0,,0,0,0,0,,0,1,0,0,,,2,1.6,3.6,3.6,,59,
467,Raheem Mostert,SFO,RB,29,1,1,0,0,0,0,0,2,20,10,0,0,0,0,,0,0,0,0,,,2,2,2,2,,129,
468,Gabe Nabers,LAC,RB,24,6,1,0,0,0,0,0,1,2,2,0,3,3,17,5.67,0,0,0,0,,,2,4.9,4.9,3.4,,131,
469,Gunner Olszewski,NWE,WR,25,11,0,0,0,0,0,0,0,0,,0,1,1,22,22,0,1,0,0,,,2,3.2,3.2,2.7,,182,
470,Breshad Perriman,TAM,WR,28,2,0,0,0,0,0,0,1,-3,-3,0,4,2,19,9.5,0,0,0,0,,,2,3.6,3.6,2.6,,188,
471,Scottie Phillips,HOU,RB,24,3,0,0,0,0,0,0,6,13,2.17,0,3,2,9,4.5,0,0,0,0,,,2,4.2,4.2,3.2,,125,
472,Shi Smith,CAR,WR,23,4,0,0,0,0,0,0,1,-3,-3,0,5,3,18,6,0,0,0,0,,,2,4.5,4.5,3,,191,
473,Jack Stoll,PHI,TE,23,12,1,0,0,0,0,0,0,0,,0,4,3,15,5,0,0,0,0,,,2,4.5,4.5,3,,92,
474,Chris Streveler,ARI,QB,26,2,0,6,9,36,0,0,3,6,2,0,0,0,0,,0,1,0,0,,,2,2,2,2,,58,
475,Patrick Taylor,GNB,RB,23,4,0,0,0,0,0,0,6,18,3,0,0,0,0,,0,0,0,0,,,2,1.8,1.8,1.8,,134,
476,Jonathan Ward,ARI,RB,24,8,0,0,0,0,0,0,5,21,4.2,0,0,0,0,,0,0,0,0,,,2,2.1,2.1,2.1,,127,
477,Derek Watt,PIT,RB,29,11,2,0,0,0,0,0,0,0,,0,3,3,15,5,0,0,0,0,,,2,4.5,4.5,3,,136,
478,Trevon Wesco,NYJ,TE,26,10,5,0,0,0,0,0,0,0,,0,4,2,16,8,0,0,0,0,,,2,3.6,3.6,2.6,,91,
479,Cody White,PIT,WR,23,9,0,0,0,0,0,0,0,0,,0,3,2,17,8.5,0,0,0,0,,,2,3.7,3.7,2.7,,186,
480,C.J. Beathard,JAX,QB,28,1,0,2,2,33,0,0,0,0,,0,0,0,0,,0,0,0,0,,,1,1.3,1.3,1.3,,60,
481,David Blough,DET,QB,26,1,0,0,0,0,0,0,1,6,6,0,0,0,0,,0,1,0,0,,,1,0.6,0.6,0.6,,63,
482,Miles Boykin,BAL,WR,25,5,0,0,0,0,0,0,0,0,,0,1,1,6,6,0,0,0,0,,,1,1.6,1.6,1.1,,199,
483,Gary Brightwell,NYG,RB,22,10,0,0,0,0,0,0,1,4,4,0,1,1,6,6,0,0,0,0,,,1,2,2,1.5,,143,
484,Derek Carrier,LVR,TE,31,4,1,0,0,0,0,0,0,0,,0,2,2,13,6.5,0,0,0,0,,,1,3.3,3.3,2.3,,94,
485,Pharoh Cooper,NYG,WR,26,3,0,0,0,0,0,0,1,3,3,0,2,1,6,6,0,0,0,0,,,1,1.9,1.9,1.4,,196,
486,Keke Coutee,IND,WR,24,1,0,0,0,0,0,0,0,0,,0,1,1,5,5,0,0,0,0,,,1,1.5,1.5,1,,200,
487,Damarea Crockett,DEN,RB,24,8,0,0,0,0,0,0,3,7,2.33,0,0,0,0,,0,0,0,0,,,1,0.7,0.7,0.7,,146,
488,Dominique Dafney,GNB,TE,24,6,2,0,0,0,0,0,0,0,,0,2,1,8,8,0,0,0,0,,,1,1.8,1.8,1.3,,98,
489,Frank Darby,ATL,WR,24,5,0,0,0,0,0,0,0,0,,0,3,1,14,14,0,0,0,0,,,1,2.4,2.4,1.9,,192,
490,Sam Ehlinger,IND,QB,23,2,0,0,0,0,0,0,2,10,5,0,0,0,0,,0,0,0,0,,,1,1,1,1,,61,
491,Ryan Fitzpatrick,WAS,QB,39,1,1,3,6,13,0,0,1,2,2,0,0,0,0,,0,1,0,0,,,1,0.7,0.7,0.7,,62,
492,Jake Funk,LAR,RB,23,6,0,0,0,0,0,0,1,6,6,0,0,0,0,,0,0,0,0,,,1,0.6,0.6,0.6,,147,
493,Parker Hesse,ATL,TE,26,5,0,0,0,0,0,0,0,0,,0,3,2,12,6,0,0,0,0,,,1,3.2,3.2,2.2,,96,
494,Buddy Howell,LAR,RB,25,7,0,0,0,0,0,0,5,11,2.2,0,0,0,0,,0,0,0,0,,,1,1.1,1.1,1.1,,142,
495,Deon Jackson,IND,RB,22,5,0,0,0,0,0,0,6,12,2,0,0,0,0,,0,0,0,0,,,1,1.2,1.2,1.2,,141,
496,John Kelly,CLE,RB,25,3,0,0,0,0,0,0,2,13,6.5,0,0,0,0,,0,0,0,0,,,1,1.3,1.3,1.3,,138,
497,Anthony McFarland Jr.,PIT,RB,22,2,0,0,0,0,0,0,3,3,1,0,1,1,11,11,0,0,0,0,,,1,2.4,2.4,1.9,,137,
498,Tre' McKitty,LAC,TE,22,5,2,0,0,0,0,0,0,0,,0,2,1,7,7,0,0,0,0,,,1,1.7,1.7,1.2,,100,
499,Kirk Merritt,MIA,WR,24,1,0,0,0,0,0,0,0,0,,0,3,1,13,13,0,0,0,0,,,1,2.3,2.3,1.8,,194,